id_code,species,elevation,replicate,field_sample_number,range_point,SLA,LMA,ABV,THK,,,,
CELgra_1_01,CELgra,1087,1,1,low,8.03,0.125,0.2244,0.831,,,,
CELgra_1_01,CELgra,1087,1,1,low,6.10,0.164,0.2244,0.881,,,,
CELgra_1_01,CELgra,1087,1,1,low,8.55,0.117,0.2244,0.874,,,,
CELgra_1_01,CELgra,1087,1,1,low,8.17,0.122,0.2244,0.865,,,,
CELgra_1_01,CELgra,1087,1,1,low,8.53,0.117,0.2244,0.897,,,,
CELgra_1_01,CELgra,1087,1,1,low,9.43,0.106,0.2244,0.936,,,,
CELgra_1_02,CELgra,1087,2,2,low,10.10,0.099,0.1634,0.853,,,,
CELgra_1_02,CELgra,1087,2,2,low,10.04,0.100,0.1634,0.926,,,,
CELgra_1_02,CELgra,1087,2,2,low,10.61,0.094,0.1634,0.826,,,,
CELgra_1_02,CELgra,1087,2,2,low,9.89,0.101,0.1634,0.860,,,,
CELgra_1_03,CELgra,1087,3,3,low,10.69,0.094,0.0444,0.756,,,,
CELgra_1_03,CELgra,1087,3,3,low,11.82,0.085,0.0444,0.802,,,, 
CELgra_1_03,CELgra,1087,3,3,low,7.66,0.131,0.0444,0.778,,,,
CELgra_1_03,CELgra,1087,3,3,low,10.69,0.094,0.0444,0.776,,,,
CELgra_1_04,CELgra,1087,4,4,low,9.44,0.106,0.4422,0.768,,,,
CELgra_1_04,CELgra,1087,4,4,low,14.39,0.069,0.4422,0.861,,,,
CELgra_1_04,CELgra,1087,4,4,low,11.75,0.085,0.4422,0.942,,,,
CELgra_1_04,CELgra,1087,4,4,low,9.47,0.106,0.4422,,,,,
CELgra_1_04,CELgra,1087,4,4,low,10.52,0.095,0.4422,,,,,
CELgra_1_04,CELgra,1087,4,4,low,10.32,0.097,0.4422,,,,,
CELgra_1_05,CELgra,1087,5,5,low,95.14,0.011,0.2207,0.957,,,,
CELgra_1_05,CELgra,1087,5,5,low,107.28,0.009,0.2207,0.906,,,,
CELgra_1_05,CELgra,1087,5,5,low,119.30,0.008,0.2207,0.846,,,,
CELgra_1_05,CELgra,1087,5,5,low,114.52,0.009,0.2207,0.835,,,,
CELgra_1_06,CELgra,1087,6,6,low,,,0.3777,0.926,,,,
CELgra_1_06,CELgra,1087,6,6,low,,,0.3777,0.830,,,,
CELgra_1_06,CELgra,1087,6,6,low,,,0.3777,1.039,,,,
CELgra_1_06,CELgra,1087,6,6,low,,,0.3777,0.835,,,,
CELgra_2_01,CELgra,1285,1,1,median,45.20,0.022,0.0312,0.701,,,,
CELgra_2_01,CELgra,1285,1,1,median,28.67,0.035,0.0312,0.762,,,,
CELgra_2_01,CELgra,1285,1,1,median,50.33,0.020,0.0312,0.698,,,,
CELgra_2_01,CELgra,1285,1,1,median,48.71,0.021,0.0312,0.765,,,,
CELgra_2_02,CELgra,1285,2,2,median,10.56,0.095,0.4021,0.782,,,,
CELgra_2_02,CELgra,1285,2,2,median,10.87,0.092,0.4021,0.773,,,,
CELgra_2_02,CELgra,1285,2,2,median,12.10,0.083,0.4021,0.844,,,,
CELgra_2_02,CELgra,1285,2,2,median,12.06,0.083,0.4021,0.764,,,,
CELgra_2_02,CELgra,1285,2,2,median,10.93,0.091,0.4021,0.833,,,,
CELgra_2_02,CELgra,1285,2,2,median,12.58,0.079,0.4021,0.853,,,,
CELgra_2_03,CELgra,1285,3,3,median,8.71,0.115,0.1800,0.998,,,,
CELgra_2_03,CELgra,1285,3,3,median,6.54,0.153,0.1800,0.960,,,,
CELgra_2_03,CELgra,1285,3,3,median,6.77,0.148,0.1800,0.895,,,,
CELgra_2_03,CELgra,1285,3,3,median,8.31,0.120,0.1800,0.947,,,,
CELgra_2_04,CELgra,1285,4,4,median,11.05,0.090,2.6337,0.921,,,,
CELgra_2_04,CELgra,1285,4,4,median,10.63,0.094,2.6337,0.996,,,,
CELgra_2_04,CELgra,1285,4,4,median,8.36,0.120,2.6337,0.995,,,,
CELgra_2_04,CELgra,1285,4,4,median,10.39,0.096,2.6337,0.836,,,,
CELgra_2_04,CELgra,1285,4,4,median,10.53,0.095,2.6337,1.008,,,,
CELgra_2_04,CELgra,1285,4,4,median,7.50,0.133,2.6337,0.983,,,,
CELgra_2_05,CELgra,1285,5,5,median,12.52,0.080,0.7436,0.866,,,,
CELgra_2_05,CELgra,1285,5,5,median,9.97,0.100,0.7436,0.891,,,,
CELgra_2_05,CELgra,1285,5,5,median,11.02,0.091,0.7436,0.936,,,,
CELgra_2_05,CELgra,1285,5,5,median,10.24,0.098,0.7436,0.912,,,,
CELgra_2_05,CELgra,1285,5,5,median,10.03,0.100,0.7436,0.829,,,,
CELgra_2_05,CELgra,1285,5,5,median,7.46,0.134,0.7436,0.832,,,,
CELgra_2_06,CELgra,1285,6,6,median,10.60,0.094,0.2710,0.895,,,,
CELgra_2_06,CELgra,1285,6,6,median,13.02,0.077,0.2710,0.741,,,,
CELgra_2_06,CELgra,1285,6,6,median,8.91,0.112,0.2710,0.892,,,,
CELgra_2_06,CELgra,1285,6,6,median,11.10,0.090,0.2710,0.824,,,,
CELgra_3_03,CELgra,1590,1,3,high,11.35,0.088,0.3455,0.919,,,,
CELgra_3_03,CELgra,1590,1,3,high,9.50,0.105,0.3455,0.877,,,,
CELgra_3_03,CELgra,1590,1,3,high,9.86,0.101,0.3455,0.879,,,,
CELgra_3_03,CELgra,1590,1,3,high,8.45,0.118,0.3455,0.892,,,,
CELgra_3_03,CELgra,1590,1,3,high,8.74,0.114,0.3455,0.865,,,,
CELgra_3_03,CELgra,1590,1,3,high,10.12,0.099,0.3455,0.886,,,,
CELgra_3_04,CELgra,1590,2,4,high,7.25,0.138,0.0977,0.874,,,,
CELgra_3_04,CELgra,1590,2,4,high,8.17,0.122,0.0977,0.732,,,,
CELgra_3_04,CELgra,1590,2,4,high,7.45,0.134,0.0977,0.827,,,,
CELgra_3_04,CELgra,1590,2,4,high,8.68,0.115,0.0977,0.869,,,,
CELgra_3_05,CELgra,1590,3,5,high,6.59,0.152,1.9382,1.032,,,,
CELgra_3_05,CELgra,1590,3,5,high,5.67,0.177,1.9382,1.078,,,,
CELgra_3_05,CELgra,1590,3,5,high,5.71,0.175,1.9382,1.078,,,,
CELgra_3_05,CELgra,1590,3,5,high,6.95,0.144,1.9382,1.127,,,,
CELgra_3_05,CELgra,1590,3,5,high,5.85,0.171,1.9382,1.067,,,,
CELgra_3_05,CELgra,1590,3,5,high,6.54,0.153,1.9382,1.166,,,,
CELgra_3_06,CELgra,1590,4,6,high,8.72,0.115,0.5646,1.077,,,,
CELgra_3_06,CELgra,1590,4,6,high,10.27,0.097,0.5646,1.102,,,,
CELgra_3_06,CELgra,1590,4,6,high,8.76,0.114,0.5646,0.956,,,,
CELgra_3_06,CELgra,1590,4,6,high,10.43,0.096,0.5646,1.027,,,,
CELgra_3_06,CELgra,1590,4,6,high,7.70,0.130,0.5646,1.014,,,,
CELgra_3_06,CELgra,1590,4,6,high,9.90,0.101,0.5646,0.886,,,,
CELgra_3_12,CELgra,1590,5,12,high,14.14,0.071,1.0124,1.037,,,,
CELgra_3_12,CELgra,1590,5,12,high,10.53,0.095,1.0124,0.941,,,,
CELgra_3_12,CELgra,1590,5,12,high,10.91,0.092,1.0124,0.918,,,,
CELgra_3_12,CELgra,1590,5,12,high,10.70,0.093,1.0124,0.930,,,,
CELgra_3_12,CELgra,1590,5,12,high,10.21,0.098,1.0124,0.935,,,,
CELgra_3_12,CELgra,1590,5,12,high,9.42,0.106,1.0124,0.993,,,,
CELgra_3_13,CELgra,1590,6,13,high,15.38,0.065,0.8737,0.914,,,,
CELgra_3_13,CELgra,1590,6,13,high,10.22,0.098,0.8737,0.974,,,,
CELgra_3_13,CELgra,1590,6,13,high,11.22,0.089,0.8737,0.908,,,,
CELgra_3_13,CELgra,1590,6,13,high,8.84,0.113,0.8737,0.916,,,,
CELgra_3_13,CELgra,1590,6,13,high,16.96,0.059,0.8737,0.926,,,,
CELgra_3_13,CELgra,1590,6,13,high,13.13,0.076,0.8737,0.867,,,,
GENbel_1_01,GENbel,1087,1,1,low,22.52,0.044,1.5121,0.385,,,,
GENbel_1_01,GENbel,1087,1,1,low,16.80,0.060,1.5121,0.178,,,,
GENbel_1_01,GENbel,1087,1,1,low,20.21,0.049,1.5121,0.291,,,,
GENbel_1_01,GENbel,1087,1,1,low,19.15,0.052,1.5121,0.284,,,,
GENbel_1_01,GENbel,1087,1,1,low,24.51,0.041,1.5121,0.256,,,,
GENbel_1_01,GENbel,1087,1,1,low,15.03,0.067,1.5121,0.289,,,,
GENbel_1_02,GENbel,1087,2,2,low,18.97,0.053,0.6956,0.329,,,,
GENbel_1_02,GENbel,1087,2,2,low,21.22,0.047,0.6956,0.175,,,,
GENbel_1_02,GENbel,1087,2,2,low,16.53,0.061,0.6956,0.364,,,,
GENbel_1_02,GENbel,1087,2,2,low,17.03,0.059,0.6956,0.218,,,,
GENbel_1_02,GENbel,1087,2,2,low,16.74,0.060,0.6956,0.300,,,,
GENbel_1_02,GENbel,1087,2,2,low,14.13,0.071,0.6956,0.316,,,,
GENbel_1_03,GENbel,1087,3,3,low,26.44,0.038,0.6499,0.284,,,,
GENbel_1_03,GENbel,1087,3,3,low,21.78,0.046,0.6499,0.269,,,,
GENbel_1_03,GENbel,1087,3,3,low,22.04,0.045,0.6499,0.239,,,,
GENbel_1_03,GENbel,1087,3,3,low,22.64,0.044,0.6499,0.226,,,,
GENbel_1_03,GENbel,1087,3,3,low,30.72,0.033,0.6499,0.266,,,,
GENbel_1_03,GENbel,1087,3,3,low,29.82,0.034,0.6499,0.262,,,,
GENbel_1_04,GENbel,1087,4,4,low,26.31,0.038,0.0519,0.333,,,,
GENbel_1_04,GENbel,1087,4,4,low,23.34,0.043,0.0519,0.342,,,,
GENbel_1_04,GENbel,1087,4,4,low,20.25,0.049,0.0519,,,,,
GENbel_1_05,GENbel,1087,5,5,low,16.69,0.060,0.4376,0.430,,,,
GENbel_1_05,GENbel,1087,5,5,low,27.14,0.037,0.4376,0.260,,,,
GENbel_1_05,GENbel,1087,5,5,low,23.74,0.042,0.4376,0.228,,,,
GENbel_1_05,GENbel,1087,5,5,low,19.45,0.051,0.4376,0.346,,,,
GENbel_1_05,GENbel,1087,5,5,low,15.17,0.066,0.4376,0.273,,,,
GENbel_1_05,GENbel,1087,5,5,low,10.79,0.093,0.4376,0.404,,,,
GENbel_1_06,GENbel,1087,6,6,low,8.58,0.117,0.0818,0.517,,,,
GENbel_1_06,GENbel,1087,6,6,low,14.22,0.070,0.0818,0.521,,,,
GENbel_1_06,GENbel,1087,6,6,low,14.24,0.070,0.0818,0.453,,,,
GENbel_3_01,GENbel,1590,1,1,median,15.67,0.064,1.2269,0.371,,,,
GENbel_3_01,GENbel,1590,1,1,median,18.50,0.054,1.2269,0.289,,,,
GENbel_3_01,GENbel,1590,1,1,median,21.59,0.046,1.2269,0.423,,,,
GENbel_3_01,GENbel,1590,1,1,median,16.46,0.061,1.2269,0.397,,,,
GENbel_3_01,GENbel,1590,1,1,median,16.80,0.060,1.2269,0.374,,,,
GENbel_3_01,GENbel,1590,1,1,median,13.59,0.074,1.2269,0.364,,,,
GENbel_3_02,GENbel,1590,2,2,median,14.94,0.067,0.5687,0.404,,,,
GENbel_3_02,GENbel,1590,2,2,median,16.40,0.061,0.5687,0.396,,,,
GENbel_3_02,GENbel,1590,2,2,median,14.29,0.070,0.5687,0.390,,,,
GENbel_3_03,GENbel,1590,3,3,median,14.57,0.069,0.8037,0.340,,,,
GENbel_3_03,GENbel,1590,3,3,median,15.37,0.065,0.8037,0.303,,,,
GENbel_3_03,GENbel,1590,3,3,median,14.41,0.069,0.8037,0.257,,,,
GENbel_3_03,GENbel,1590,3,3,median,,,0.8037,0.301,,,,
GENbel_3_03,GENbel,1590,3,3,median,,,0.8037,0.326,,,,
GENbel_3_03,GENbel,1590,3,3,median,,,0.8037,0.306,,,,
GENbel_3_04,GENbel,1590,4,4,median,19.92,0.050,1.4277,0.272,,,,
GENbel_3_04,GENbel,1590,4,4,median,20.01,0.050,1.4277,0.270,,,,
GENbel_3_04,GENbel,1590,4,4,median,20.93,0.048,1.4277,0.283,,,,
GENbel_3_04,GENbel,1590,4,4,median,16.86,0.059,1.4277,0.307,,,,
GENbel_3_04,GENbel,1590,4,4,median,24.36,0.041,1.4277,0.270,,,,
GENbel_3_04,GENbel,1590,4,4,median,16.50,0.061,1.4277,0.308,,,,
GENbel_3_05,GENbel,1590,5,5,median,15.80,0.063,1.5088,0.409,,,,
GENbel_3_05,GENbel,1590,5,5,median,15.63,0.064,1.5088,0.392,,,,
GENbel_3_05,GENbel,1590,5,5,median,15.67,0.064,1.5088,0.404,,,,
GENbel_3_06,GENbel,1590,6,6,median,16.67,0.060,1.2983,0.279,,,,
GENbel_3_06,GENbel,1590,6,6,median,18.10,0.055,1.2983,0.284,,,,
GENbel_3_06,GENbel,1590,6,6,median,11.48,0.087,1.2983,0.228,,,,
GENbel_3_06,GENbel,1590,6,6,median,18.47,0.054,1.2983,0.311,,,,
GENbel_3_06,GENbel,1590,6,6,median,14.45,0.069,1.2983,0.318,,,,
GENbel_3_06,GENbel,1590,6,6,median,12.99,0.077,1.2983,0.289,,,,
GENbel_4_01,GENbel,1806,1,1,high,14.80,0.068,1.9862,0.418,,,,
GENbel_4_01,GENbel,1806,1,1,high,16.09,0.062,1.9862,0.439,,,,
GENbel_4_01,GENbel,1806,1,1,high,12.28,0.081,1.9862,0.446,,,,
GENbel_4_01,GENbel,1806,1,1,high,10.92,0.092,1.9862,0.386,,,,
GENbel_4_01,GENbel,1806,1,1,high,15.51,0.064,1.9862,0.410,,,,
GENbel_4_01,GENbel,1806,1,1,high,14.47,0.069,1.9862,0.407,,,,
GENbel_4_02,GENbel,1806,2,2,high,34.43,0.029,0.3200,0.419,,,,
GENbel_4_02,GENbel,1806,2,2,high,20.64,0.048,0.3200,0.422,,,,
GENbel_4_02,GENbel,1806,2,2,high,25.16,0.040,0.3200,0.422,,,,
GENbel_4_02,GENbel,1806,2,2,high,29.46,0.034,0.3200,0.423,,,,
GENbel_4_02,GENbel,1806,2,2,high,,,0.3200,0.415,,,,
GENbel_4_02,GENbel,1806,2,2,high,,,0.3200,0.418,,,,
GENbel_4_03,GENbel,1806,3,3,high,19.40,0.052,0.4974,0.420,,,,
GENbel_4_03,GENbel,1806,3,3,high,27.54,0.036,0.4974,0.421,,,,
GENbel_4_03,GENbel,1806,3,3,high,17.32,0.058,0.4974,0.387,,,,
GENbel_4_03,GENbel,1806,3,3,high,19.10,0.052,0.4974,0.414,,,,
GENbel_4_03,GENbel,1806,3,3,high,,,0.4974,0.392,,,,
GENbel_4_03,GENbel,1806,3,3,high,,,0.4974,0.395,,,,
GENbel_4_05,GENbel,1806,4,5,high,22.39,0.045,1.2239,0.566,,,,
GENbel_4_05,GENbel,1806,4,5,high,17.20,0.058,1.2239,0.418,,,,
GENbel_4_05,GENbel,1806,4,5,high,17.30,0.058,1.2239,0.431,,,,
GENbel_4_05,GENbel,1806,4,5,high,16.03,0.062,1.2239,0.450,,,,
GENbel_4_05,GENbel,1806,4,5,high,18.45,0.054,1.2239,0.438,,,,
GENbel_4_05,GENbel,1806,4,5,high,14.91,0.067,1.2239,0.437,,,,
GENbel_4_07,GENbel,1806,5,7,high,18.67,0.054,0.7831,0.366,,,,
GENbel_4_07,GENbel,1806,5,7,high,20.49,0.049,0.7831,0.356,,,,
GENbel_4_07,GENbel,1806,5,7,high,16.41,0.061,0.7831,0.350,,,,
GENbel_4_07,GENbel,1806,5,7,high,16.53,0.060,0.7831,0.372,,,,
GENbel_4_07,GENbel,1806,5,7,high,20.83,0.048,0.7831,0.355,,,,
GENbel_4_07,GENbel,1806,5,7,high,23.97,0.042,0.7831,0.368,,,,
LUZcol_2_01,LUZcol,1285,1,1,low,14.60,0.068,0.7457,0.343,,,,
LUZcol_2_01,LUZcol,1285,1,1,low,22.98,0.044,0.7457,0.387,,,,
LUZcol_2_01,LUZcol,1285,1,1,low,28.46,0.035,0.7457,0.352,,,,
LUZcol_2_01,LUZcol,1285,1,1,low,10.33,0.097,0.7457,0.385,,,,
LUZcol_2_01,LUZcol,1285,1,1,low,18.87,0.053,0.7457,0.357,,,,
LUZcol_2_01,LUZcol,1285,1,1,low,20.41,0.049,0.7457,0.362,,,,
LUZcol_2_02,LUZcol,1285,2,2,low,11.08,0.090,1.1359,0.385,,,,
LUZcol_2_02,LUZcol,1285,2,2,low,17.48,0.057,1.1359,0.285,,,,
LUZcol_2_02,LUZcol,1285,2,2,low,14.42,0.069,1.1359,0.290,,,,
LUZcol_2_02,LUZcol,1285,2,2,low,15.02,0.067,1.1359,0.302,,,,
LUZcol_2_02,LUZcol,1285,2,2,low,16.95,0.059,1.1359,,,,,
LUZcol_2_03,LUZcol,1285,3,3,low,20.08,0.050,0.4646,0.340,,,,
LUZcol_2_03,LUZcol,1285,3,3,low,10.71,0.093,0.4646,0.294,,,,
LUZcol_2_03,LUZcol,1285,3,3,low,16.03,0.062,0.4646,0.351,,,,
LUZcol_2_03,LUZcol,1285,3,3,low,20.19,0.050,0.4646,0.355,,,,
LUZcol_2_03,LUZcol,1285,3,3,low,14.93,0.067,0.4646,,,,,
LUZcol_2_03,LUZcol,1285,3,3,low,8.85,0.113,0.4646,,,,,
LUZcol_2_04,LUZcol,1285,4,4,low,18.53,0.054,0.7238,0.355,,,,
LUZcol_2_04,LUZcol,1285,4,4,low,15.08,0.066,0.7238,0.305,,,,
LUZcol_2_04,LUZcol,1285,4,4,low,16.24,0.062,0.7238,0.349,,,,
LUZcol_2_04,LUZcol,1285,4,4,low,11.26,0.089,0.7238,0.329,,,,
LUZcol_2_04,LUZcol,1285,4,4,low,12.08,0.083,0.7238,,,,,
LUZcol_2_05,LUZcol,1285,5,5,low,13.38,0.075,0.8221,0.324,,,,
LUZcol_2_05,LUZcol,1285,5,5,low,20.70,0.048,0.8221,0.302,,,,
LUZcol_2_05,LUZcol,1285,5,5,low,14.51,0.069,0.8221,0.376,,,,
LUZcol_2_05,LUZcol,1285,5,5,low,13.11,0.076,0.8221,0.283,,,,
LUZcol_2_05,LUZcol,1285,5,5,low,12.10,0.083,0.8221,0.305,,,,
LUZcol_2_05,LUZcol,1285,5,5,low,12.12,0.083,0.8221,0.276,,,,
LUZcol_2_05,LUZcol,1285,5,5,low,22.83,0.044,0.8221,,,,,
LUZcol_2_05,LUZcol,1285,5,5,low,13.08,0.076,0.8221,,,,,
LUZcol_2_05,LUZcol,1285,5,5,low,15.76,0.063,0.8221,,,,,
LUZcol_2_06,LUZcol,1285,6,6,low,22.24,0.045,1.3177,0.357,,,,
LUZcol_2_06,LUZcol,1285,6,6,low,10.59,0.094,1.3177,0.360,,,,
LUZcol_2_06,LUZcol,1285,6,6,low,14.99,0.067,1.3177,0.352,,,,
LUZcol_2_06,LUZcol,1285,6,6,low,15.52,0.064,1.3177,0.320,,,,
LUZcol_2_06,LUZcol,1285,6,6,low,18.68,0.054,1.3177,0.292,,,,
LUZcol_2_06,LUZcol,1285,6,6,low,13.42,0.075,1.3177,0.316,,,,
LUZcol_2_06,LUZcol,1285,6,6,low,13.43,0.074,1.3177,,,,,
LUZcol_2_06,LUZcol,1285,6,6,low,11.95,0.084,1.3177,,,,,
LUZcol_3_01,LUZcol,1590,1,1,median,11.99,0.083,0.5621,0.310,,,,
LUZcol_3_01,LUZcol,1590,1,1,median,19.35,0.052,0.5621,0.274,,,,
LUZcol_3_01,LUZcol,1590,1,1,median,10.81,0.092,0.5621,0.277,,,,
LUZcol_3_01,LUZcol,1590,1,1,median,18.22,0.055,0.5621,0.325,,,,
LUZcol_3_01,LUZcol,1590,1,1,median,12.15,0.082,0.5621,0.279,,,,
LUZcol_3_01,LUZcol,1590,1,1,median,12.11,0.083,0.5621,0.288,,,,
LUZcol_3_02,LUZcol,1590,2,2,median,10.12,0.099,0.3672,0.402,,,,
LUZcol_3_02,LUZcol,1590,2,2,median,14.59,0.069,0.3672,0.382,,,,
LUZcol_3_02,LUZcol,1590,2,2,median,19.58,0.051,0.3672,0.407,,,,
LUZcol_3_02,LUZcol,1590,2,2,median,11.88,0.084,0.3672,0.405,,,,
LUZcol_3_02,LUZcol,1590,2,2,median,19.62,0.051,0.3672,0.387,,,,
LUZcol_3_02,LUZcol,1590,2,2,median,19.45,0.051,0.3672,0.392,,,,
LUZcol_3_02,LUZcol,1590,2,2,median,10.94,0.091,0.3672,,,,,
LUZcol_3_03,LUZcol,1590,3,3,median,9.18,0.109,0.0362,0.260,,,,
LUZcol_3_03,LUZcol,1590,3,3,median,13.12,0.076,0.0362,0.261,,,,
LUZcol_3_03,LUZcol,1590,3,3,median,7.31,0.137,0.0362,0.256,,,,
LUZcol_3_03,LUZcol,1590,3,3,median,11.10,0.090,0.0362,,,,,
LUZcol_3_04,LUZcol,1590,4,4,median,11.95,0.084,0.4682,0.274,,,,
LUZcol_3_04,LUZcol,1590,4,4,median,17.61,0.057,0.4682,0.288,,,,
LUZcol_3_04,LUZcol,1590,4,4,median,17.06,0.059,0.4682,0.287,,,,
LUZcol_3_04,LUZcol,1590,4,4,median,20.79,0.048,0.4682,0.293,,,,
LUZcol_3_04,LUZcol,1590,4,4,median,19.99,0.050,0.4682,0.279,,,,
LUZcol_3_04,LUZcol,1590,4,4,median,12.09,0.083,0.4682,0.276,,,,
LUZcol_3_04,LUZcol,1590,4,4,median,16.34,0.061,0.4682,,,,,
LUZcol_3_04,LUZcol,1590,4,4,median,19.56,0.051,0.4682,,,,,
LUZcol_3_05,LUZcol,1590,5,5,median,14.91,0.067,1.1585,0.429,,,,
LUZcol_3_05,LUZcol,1590,5,5,median,18.23,0.055,1.1585,0.367,,,,
LUZcol_3_05,LUZcol,1590,5,5,median,14.93,0.067,1.1585,0.383,,,,
LUZcol_3_05,LUZcol,1590,5,5,median,19.33,0.052,1.1585,0.362,,,,
LUZcol_3_05,LUZcol,1590,5,5,median,13.60,0.074,1.1585,0.377,,,,
LUZcol_3_05,LUZcol,1590,5,5,median,14.52,0.069,1.1585,0.386,,,,
LUZcol_3_05,LUZcol,1590,5,5,median,14.72,0.068,1.1585,,,,,
LUZcol_3_05,LUZcol,1590,5,5,median,14.85,0.067,1.1585,,,,,
LUZcol_3_06,LUZcol,1590,6,6,median,14.62,0.068,0.7973,0.262,,,,
LUZcol_3_06,LUZcol,1590,6,6,median,17.26,0.058,0.7973,0.278,,,,
LUZcol_3_06,LUZcol,1590,6,6,median,12.77,0.078,0.7973,0.284,,,,
LUZcol_3_06,LUZcol,1590,6,6,median,17.05,0.059,0.7973,0.245,,,,
LUZcol_3_06,LUZcol,1590,6,6,median,18.58,0.054,0.7973,0.267,,,,
LUZcol_3_06,LUZcol,1590,6,6,median,10.39,0.096,0.7973,0.280,,,,
LUZcol_5_01,LUZcol,1995,1,1,high,16.47,0.061,10.5853,0.328,,,,
LUZcol_5_01,LUZcol,1995,1,1,high,16.29,0.061,10.5853,0.243,,,,
LUZcol_5_01,LUZcol,1995,1,1,high,15.10,0.066,10.5853,0.319,,,,
LUZcol_5_01,LUZcol,1995,1,1,high,16.57,0.060,10.5853,0.306,,,,
LUZcol_5_01,LUZcol,1995,1,1,high,17.15,0.058,10.5853,0.300,,,,
LUZcol_5_01,LUZcol,1995,1,1,high,17.24,0.058,10.5853,0.291,,,,
LUZcol_5_01,LUZcol,1995,1,1,high,14.83,0.067,10.5853,,,,,
LUZcol_5_01,LUZcol,1995,1,1,high,13.92,0.072,10.5853,,,,,
LUZcol_5_01,LUZcol,1995,1,1,high,13.66,0.073,10.5853,,,,,
LUZcol_5_01,LUZcol,1995,1,1,high,21.72,0.046,10.5853,,,,,
LUZcol_5_02,LUZcol,1995,2,2,high,14.82,0.067,3.4326,0.292,,,,
LUZcol_5_02,LUZcol,1995,2,2,high,13.89,0.072,3.4326,0.316,,,,
LUZcol_5_02,LUZcol,1995,2,2,high,15.17,0.066,3.4326,0.285,,,,
LUZcol_5_02,LUZcol,1995,2,2,high,16.05,0.062,3.4326,0.312,,,,
LUZcol_5_02,LUZcol,1995,2,2,high,18.16,0.055,3.4326,0.286,,,,
LUZcol_5_02,LUZcol,1995,2,2,high,24.47,0.041,3.4326,0.303,,,,
LUZcol_5_02,LUZcol,1995,2,2,high,13.60,0.074,3.4326,,,,,
LUZcol_5_02,LUZcol,1995,2,2,high,14.55,0.069,3.4326,,,,,
LUZcol_5_03,LUZcol,1995,3,3,high,13.94,0.072,7.4821,0.411,,,,
LUZcol_5_03,LUZcol,1995,3,3,high,21.93,0.046,7.4821,0.421,,,,
LUZcol_5_03,LUZcol,1995,3,3,high,24.73,0.040,7.4821,0.391,,,,
LUZcol_5_03,LUZcol,1995,3,3,high,13.28,0.075,7.4821,0.407,,,,
LUZcol_5_03,LUZcol,1995,3,3,high,18.24,0.055,7.4821,0.406,,,,
LUZcol_5_03,LUZcol,1995,3,3,high,15.95,0.063,7.4821,0.398,,,,
LUZcol_5_03,LUZcol,1995,3,3,high,13.45,0.074,7.4821,,,,,
LUZcol_5_03,LUZcol,1995,3,3,high,14.10,0.071,7.4821,,,,,
LUZcol_5_04,LUZcol,1995,4,4,high,20.07,0.050,3.1025,0.355,,,,
LUZcol_5_04,LUZcol,1995,4,4,high,17.99,0.056,3.1025,0.326,,,,
LUZcol_5_04,LUZcol,1995,4,4,high,23.78,0.042,3.1025,0.295,,,,
LUZcol_5_04,LUZcol,1995,4,4,high,16.70,0.060,3.1025,0.339,,,,
LUZcol_5_04,LUZcol,1995,4,4,high,27.51,0.036,3.1025,0.327,,,,
LUZcol_5_04,LUZcol,1995,4,4,high,17.33,0.058,3.1025,0.334,,,,
LUZcol_5_05,LUZcol,1995,5,5,high,9.46,0.106,1.8006,0.516,,,,
LUZcol_5_05,LUZcol,1995,5,5,high,8.22,0.122,1.8006,0.518,,,,
LUZcol_5_05,LUZcol,1995,5,5,high,6.96,0.144,1.8006,0.404,,,,
LUZcol_5_05,LUZcol,1995,5,5,high,9.75,0.103,1.8006,0.453,,,,
LUZcol_5_05,LUZcol,1995,5,5,high,10.11,0.099,1.8006,0.545,,,,
LUZcol_5_05,LUZcol,1995,5,5,high,13.42,0.075,1.8006,0.515,,,,
LUZcol_5_05,LUZcol,1995,5,5,high,12.84,0.078,1.8006,,,,,
LUZcol_5_05,LUZcol,1995,5,5,high,9.75,0.103,1.8006,,,,,
LUZcol_5_06,LUZcol,1995,6,6,high,13.07,0.077,0.5295,0.283,,,,
LUZcol_5_06,LUZcol,1995,6,6,high,17.58,0.057,0.5295,0.259,,,,
LUZcol_5_06,LUZcol,1995,6,6,high,15.60,0.064,0.5295,0.300,,,,
LUZcol_5_06,LUZcol,1995,6,6,high,19.50,0.051,0.5295,0.302,,,,
LUZcol_5_06,LUZcol,1995,6,6,high,14.41,0.069,0.5295,0.287,,,,
LUZcol_5_06,LUZcol,1995,6,6,high,10.10,0.099,0.5295,0.285,,,,
RYTset_1_01,RYTset,1087,1,1,low,9.48,0.105,5.3530,,,,,
RYTset_1_01,RYTset,1087,1,1,low,9.12,0.110,5.3530,,,,,
RYTset_1_01,RYTset,1087,1,1,low,10.78,0.093,5.3530,,,,,
RYTset_1_01,RYTset,1087,1,1,low,13.38,0.075,5.3530,,,,,
RYTset_1_01,RYTset,1087,1,1,low,10.80,0.093,5.3530,,,,,
RYTset_1_01,RYTset,1087,1,1,low,12.37,0.081,5.3530,,,,,
RYTset_1_01,RYTset,1087,1,1,low,11.98,0.083,5.3530,,,,,
RYTset_1_01,RYTset,1087,1,1,low,10.21,0.098,5.3530,,,,,
RYTset_1_02,RYTset,1087,2,2,low,8.45,0.118,5.1412,,,,,
RYTset_1_02,RYTset,1087,2,2,low,7.50,0.133,5.1412,,,,,
RYTset_1_02,RYTset,1087,2,2,low,7.33,0.136,5.1412,,,,,
RYTset_1_02,RYTset,1087,2,2,low,8.66,0.116,5.1412,,,,,
RYTset_1_02,RYTset,1087,2,2,low,6.36,0.157,5.1412,,,,,
RYTset_1_02,RYTset,1087,2,2,low,5.94,0.168,5.1412,,,,,
RYTset_1_03,RYTset,1087,3,3,low,9.91,0.101,0.8288,,,,,
RYTset_1_03,RYTset,1087,3,3,low,8.28,0.121,0.8288,,,,,
RYTset_1_03,RYTset,1087,3,3,low,8.13,0.123,0.8288,,,,,
RYTset_1_03,RYTset,1087,3,3,low,6.90,0.145,0.8288,,,,,
RYTset_1_03,RYTset,1087,3,3,low,8.26,0.121,0.8288,,,,,
RYTset_1_03,RYTset,1087,3,3,low,7.12,0.141,0.8288,,,,,
RYTset_1_04,RYTset,1087,4,4,low,10.29,0.097,3.5229,,,,,
RYTset_1_04,RYTset,1087,4,4,low,11.81,0.085,3.5229,,,,,
RYTset_1_04,RYTset,1087,4,4,low,10.69,0.094,3.5229,,,,,
RYTset_1_04,RYTset,1087,4,4,low,9.17,0.109,3.5229,,,,,
RYTset_1_04,RYTset,1087,4,4,low,10.85,0.092,3.5229,,,,,
RYTset_1_04,RYTset,1087,4,4,low,9.57,0.104,3.5229,,,,,
RYTset_1_04,RYTset,1087,4,4,low,7.87,0.127,3.5229,,,,,
RYTset_1_05,RYTset,1087,5,5,low,8.48,0.118,17.8741,,,,,
RYTset_1_05,RYTset,1087,5,5,low,11.77,0.085,17.8741,,,,,
RYTset_1_05,RYTset,1087,5,5,low,9.59,0.104,17.8741,,,,,
RYTset_1_05,RYTset,1087,5,5,low,10.21,0.098,17.8741,,,,,
RYTset_1_05,RYTset,1087,5,5,low,9.05,0.110,17.8741,,,,,
RYTset_1_05,RYTset,1087,5,5,low,9.20,0.109,17.8741,,,,,
RYTset_1_06,RYTset,1087,6,6,low,9.93,0.101,19.2802,,,,,
RYTset_1_06,RYTset,1087,6,6,low,9.98,0.100,19.2802,,,,,
RYTset_1_06,RYTset,1087,6,6,low,8.07,0.124,19.2802,,,,,
RYTset_1_06,RYTset,1087,6,6,low,9.53,0.105,19.2802,,,,,
RYTset_1_06,RYTset,1087,6,6,low,8.47,0.118,19.2802,,,,,
RYTset_1_06,RYTset,1087,6,6,low,6.66,0.150,19.2802,,,,,
RYTset_1_06,RYTset,1087,6,6,low,7.54,0.133,19.2802,,,,,
RYTset_3_02,RYTset,1590,1,2,median,14.23,0.070,7.0670,,,,,
RYTset_3_02,RYTset,1590,1,2,median,12.46,0.080,7.0670,,,,,
RYTset_3_02,RYTset,1590,1,2,median,13.00,0.077,7.0670,,,,,
RYTset_3_02,RYTset,1590,1,2,median,12.88,0.078,7.0670,,,,,
RYTset_3_02,RYTset,1590,1,2,median,11.04,0.091,7.0670,,,,,
RYTset_3_02,RYTset,1590,1,2,median,10.84,0.092,7.0670,,,,,
RYTset_3_03,RYTset,1590,2,3,median,9.49,0.105,3.6205,,,,,
RYTset_3_03,RYTset,1590,2,3,median,11.86,0.084,3.6205,,,,,
RYTset_3_03,RYTset,1590,2,3,median,9.91,0.101,3.6205,,,,,
RYTset_3_03,RYTset,1590,2,3,median,8.22,0.122,3.6205,,,,,
RYTset_3_03,RYTset,1590,2,3,median,8.56,0.117,3.6205,,,,,
RYTset_3_03,RYTset,1590,2,3,median,8.58,0.117,3.6205,,,,,
RYTset_3_04,RYTset,1590,3,4,median,19.85,0.050,2.0268,,,,,
RYTset_3_04,RYTset,1590,3,4,median,17.65,0.057,2.0268,,,,,
RYTset_3_04,RYTset,1590,3,4,median,14.04,0.071,2.0268,,,,,
RYTset_3_04,RYTset,1590,3,4,median,15.32,0.065,2.0268,,,,,
RYTset_3_04,RYTset,1590,3,4,median,13.86,0.072,2.0268,,,,,
RYTset_3_04,RYTset,1590,3,4,median,12.60,0.079,2.0268,,,,,
RYTset_3_05,RYTset,1590,4,5,median,10.03,0.100,5.3152,,,,,
RYTset_3_05,RYTset,1590,4,5,median,10.18,0.098,5.3152,,,,,
RYTset_3_05,RYTset,1590,4,5,median,9.14,0.109,5.3152,,,,,
RYTset_3_05,RYTset,1590,4,5,median,11.19,0.089,5.3152,,,,,
RYTset_3_05,RYTset,1590,4,5,median,8.51,0.117,5.3152,,,,,
RYTset_3_05,RYTset,1590,4,5,median,8.81,0.114,5.3152,,,,,
RYTset_3_06,RYTset,1590,5,6,median,10.59,0.094,12.0290,,,,,
RYTset_3_06,RYTset,1590,5,6,median,10.72,0.093,12.0290,,,,,
RYTset_3_06,RYTset,1590,5,6,median,8.84,0.113,12.0290,,,,,
RYTset_3_06,RYTset,1590,5,6,median,9.75,0.103,12.0290,,,,,
RYTset_3_06,RYTset,1590,5,6,median,9.26,0.108,12.0290,,,,,
RYTset_3_06,RYTset,1590,5,6,median,9.38,0.107,12.0290,,,,,
RYTset_3_07,RYTset,1590,6,7,median,11.83,0.085,3.7559,,,,,
RYTset_3_07,RYTset,1590,6,7,median,10.83,0.092,3.7559,,,,,
RYTset_3_07,RYTset,1590,6,7,median,12.46,0.080,3.7559,,,,,
RYTset_3_07,RYTset,1590,6,7,median,11.62,0.086,3.7559,,,,,
RYTset_3_07,RYTset,1590,6,7,median,10.30,0.097,3.7559,,,,,
RYTset_3_07,RYTset,1590,6,7,median,10.05,0.099,3.7559,,,,,
RYTset_5_01,RYTset,1995,1,1,high,14.19,0.070,4.2034,,,,,
RYTset_5_01,RYTset,1995,1,1,high,16.50,0.061,4.2034,,,,,
RYTset_5_01,RYTset,1995,1,1,high,14.83,0.067,4.2034,,,,,
RYTset_5_01,RYTset,1995,1,1,high,13.96,0.072,4.2034,,,,,
RYTset_5_01,RYTset,1995,1,1,high,13.66,0.073,4.2034,,,,,
RYTset_5_01,RYTset,1995,1,1,high,12.83,0.078,4.2034,,,,,
RYTset_5_02,RYTset,1995,2,2,high,13.06,0.077,2.8400,,,,,
RYTset_5_02,RYTset,1995,2,2,high,10.91,0.092,2.8400,,,,,
RYTset_5_02,RYTset,1995,2,2,high,13.09,0.076,2.8400,,,,,
RYTset_5_02,RYTset,1995,2,2,high,12.14,0.082,2.8400,,,,,
RYTset_5_02,RYTset,1995,2,2,high,9.95,0.101,2.8400,,,,,
RYTset_5_02,RYTset,1995,2,2,high,11.47,0.087,2.8400,,,,,
RYTset_5_04,RYTset,1995,3,4,high,13.96,0.072,2.6364,,,,,
RYTset_5_04,RYTset,1995,3,4,high,10.96,0.091,2.6364,,,,,
RYTset_5_04,RYTset,1995,3,4,high,11.95,0.084,2.6364,,,,,
RYTset_5_04,RYTset,1995,3,4,high,12.44,0.080,2.6364,,,,,
RYTset_5_04,RYTset,1995,3,4,high,12.98,0.077,2.6364,,,,,
RYTset_5_04,RYTset,1995,3,4,high,11.84,0.084,2.6364,,,,,
RYTset_5_05,RYTset,1995,4,5,high,16.54,0.060,1.1227,,,,,
RYTset_5_05,RYTset,1995,4,5,high,12.11,0.083,1.1227,,,,,
RYTset_5_05,RYTset,1995,4,5,high,12.23,0.082,1.1227,,,,,
RYTset_5_05,RYTset,1995,4,5,high,11.79,0.085,1.1227,,,,,
RYTset_5_05,RYTset,1995,4,5,high,12.17,0.082,1.1227,,,,,
RYTset_5_05,RYTset,1995,4,5,high,10.86,0.092,1.1227,,,,,
RYTset_5_05,RYTset,1995,4,5,high,11.57,0.086,1.1227,,,,,
RYTset_5_06,RYTset,1995,5,6,high,11.83,0.085,3.4622,,,,,
RYTset_5_06,RYTset,1995,5,6,high,15.89,0.063,3.4622,,,,,
RYTset_5_06,RYTset,1995,5,6,high,11.05,0.091,3.4622,,,,,
RYTset_5_06,RYTset,1995,5,6,high,14.27,0.070,3.4622,,,,,
RYTset_5_06,RYTset,1995,5,6,high,13.05,0.077,3.4622,,,,,
RYTset_5_06,RYTset,1995,5,6,high,11.54,0.087,3.4622,,,,,
RYTset_5_06,RYTset,1995,5,6,high,9.45,0.106,3.4622,,,,,
WAHpyg_1_01,WAHpyg,1087,1,1,low,13.93,0.072,0.0712,,,,,
WAHpyg_1_01,WAHpyg,1087,1,1,low,8.97,0.111,0.0712,,,,,
WAHpyg_1_01,WAHpyg,1087,1,1,low,10.02,0.100,0.0712,,,,,
WAHpyg_1_01,WAHpyg,1087,1,1,low,10.73,0.093,0.0712,,,,,
WAHpyg_1_01,WAHpyg,1087,1,1,low,11.31,0.088,0.0712,,,,,
WAHpyg_1_01,WAHpyg,1087,1,1,low,12.33,0.081,0.0712,,,,,
WAHpyg_1_02,WAHpyg,1087,2,2,low,17.03,0.059,0.0322,0.555,,,,
WAHpyg_1_02,WAHpyg,1087,2,2,low,14.57,0.069,0.0322,0.528,,,,
WAHpyg_1_02,WAHpyg,1087,2,2,low,17.65,0.057,0.0322,0.482,,,,
WAHpyg_1_02,WAHpyg,1087,2,2,low,15.44,0.065,0.0322,0.560,,,,
WAHpyg_1_04,WAHpyg,1087,3,4,low,19.26,0.052,0.4841,,,,,
WAHpyg_1_04,WAHpyg,1087,3,4,low,17.85,0.056,0.4841,,,,,
WAHpyg_1_04,WAHpyg,1087,3,4,low,11.74,0.085,0.4841,,,,,
WAHpyg_1_04,WAHpyg,1087,3,4,low,20.20,0.049,0.4841,,,,,
WAHpyg_1_04,WAHpyg,1087,3,4,low,11.11,0.090,0.4841,,,,,
WAHpyg_1_04,WAHpyg,1087,3,4,low,17.89,0.056,0.4841,,,,,
WAHpyg_1_04,WAHpyg,1087,3,4,low,15.54,0.064,0.4841,,,,,
WAHpyg_1_04,WAHpyg,1087,3,4,low,17.13,0.058,0.4841,,,,,
WAHpyg_1_04,WAHpyg,1087,3,4,low,19.18,0.052,0.4841,,,,,
WAHpyg_1_05,WAHpyg,1087,4,5,low,13.58,0.074,0.2418,0.506,,,,
WAHpyg_1_05,WAHpyg,1087,4,5,low,14.19,0.070,0.2418,0.440,,,,
WAHpyg_1_05,WAHpyg,1087,4,5,low,14.59,0.069,0.2418,0.521,,,,
WAHpyg_1_05,WAHpyg,1087,4,5,low,6.84,0.146,0.2418,0.505,,,,
WAHpyg_1_05,WAHpyg,1087,4,5,low,18.40,0.054,0.2418,0.448,,,,
WAHpyg_1_05,WAHpyg,1087,4,5,low,10.86,0.092,0.2418,0.512,,,,
WAHpyg_1_05,WAHpyg,1087,4,5,low,8.74,0.114,0.2418,,,,,
WAHpyg_1_05,WAHpyg,1087,4,5,low,8.70,0.115,0.2418,,,,,
WAHpyg_1_05,WAHpyg,1087,4,5,low,14.33,0.070,0.2418,,,,,
WAHpyg_1_06,WAHpyg,1087,5,6,low,11.38,0.088,0.5426,0.403,,,,
WAHpyg_1_06,WAHpyg,1087,5,6,low,13.45,0.074,0.5426,0.502,,,,
WAHpyg_1_06,WAHpyg,1087,5,6,low,17.85,0.056,0.5426,0.449,,,,
WAHpyg_1_06,WAHpyg,1087,5,6,low,14.09,0.071,0.5426,0.442,,,,
WAHpyg_1_06,WAHpyg,1087,5,6,low,17.39,0.057,0.5426,0.500,,,,
WAHpyg_1_06,WAHpyg,1087,5,6,low,20.22,0.049,0.5426,0.467,,,,
WAHpyg_1_06,WAHpyg,1087,5,6,low,14.28,0.070,0.5426,,,,,
WAHpyg_1_06,WAHpyg,1087,5,6,low,15.04,0.066,0.5426,,,,,
WAHpyg_2_01,WAHpyg,1285,1,1,median,,,0.5093,0.670,,,,
WAHpyg_2_01,WAHpyg,1285,1,1,median,,,0.5093,0.558,,,,
WAHpyg_2_01,WAHpyg,1285,1,1,median,,,0.5093,0.633,,,,
WAHpyg_2_01,WAHpyg,1285,1,1,median,,,0.5093,0.620,,,,
WAHpyg_2_01,WAHpyg,1285,1,1,median,,,0.5093,0.567,,,,
WAHpyg_2_01,WAHpyg,1285,1,1,median,,,0.5093,0.562,,,,
WAHpyg_2_02,WAHpyg,1285,2,2,median,13.85,0.072,0.2081,0.548,,,,
WAHpyg_2_02,WAHpyg,1285,2,2,median,15.29,0.065,0.2081,0.555,,,,
WAHpyg_2_02,WAHpyg,1285,2,2,median,18.48,0.054,0.2081,0.508,,,,
WAHpyg_2_02,WAHpyg,1285,2,2,median,11.97,0.084,0.2081,0.559,,,,
WAHpyg_2_02,WAHpyg,1285,2,2,median,18.14,0.055,0.2081,0.545,,,,
WAHpyg_2_02,WAHpyg,1285,2,2,median,11.84,0.084,0.2081,0.562,,,,
WAHpyg_2_03,WAHpyg,1285,3,3,median,24.70,0.040,0.2493,0.456,,,,
WAHpyg_2_03,WAHpyg,1285,3,3,median,25.35,0.039,0.2493,0.508,,,,
WAHpyg_2_03,WAHpyg,1285,3,3,median,18.89,0.053,0.2493,0.459,,,,
WAHpyg_2_03,WAHpyg,1285,3,3,median,17.35,0.058,0.2493,0.450,,,,
WAHpyg_2_03,WAHpyg,1285,3,3,median,25.96,0.039,0.2493,0.460,,,,
WAHpyg_2_03,WAHpyg,1285,3,3,median,17.81,0.056,0.2493,0.453,,,,
WAHpyg_2_03,WAHpyg,1285,3,3,median,19.24,0.052,0.2493,,,,,
WAHpyg_2_04,WAHpyg,1285,4,4,median,20.54,0.049,0.5349,0.161,,,,
WAHpyg_2_04,WAHpyg,1285,4,4,median,19.90,0.050,0.5349,0.202,,,,
WAHpyg_2_04,WAHpyg,1285,4,4,median,23.76,0.042,0.5349,0.370,,,,
WAHpyg_2_04,WAHpyg,1285,4,4,median,13.17,0.076,0.5349,0.365,,,,
WAHpyg_2_04,WAHpyg,1285,4,4,median,25.61,0.039,0.5349,0.365,,,,
WAHpyg_2_04,WAHpyg,1285,4,4,median,32.44,0.031,0.5349,0.272,,,,
WAHpyg_2_05,WAHpyg,1285,5,5,median,17.24,0.058,0.9885,0.453,,,,
WAHpyg_2_05,WAHpyg,1285,5,5,median,22.38,0.045,0.9885,0.444,,,,
WAHpyg_2_05,WAHpyg,1285,5,5,median,16.18,0.062,0.9885,0.455,,,,
WAHpyg_2_05,WAHpyg,1285,5,5,median,14.73,0.068,0.9885,0.460,,,,
WAHpyg_2_05,WAHpyg,1285,5,5,median,18.18,0.055,0.9885,0.458,,,,
WAHpyg_2_05,WAHpyg,1285,5,5,median,18.10,0.055,0.9885,0.449,,,,
WAHpyg_2_05,WAHpyg,1285,5,5,median,19.92,0.050,0.9885,,,,,
WAHpyg_2_05,WAHpyg,1285,5,5,median,17.70,0.056,0.9885,,,,,
WAHpyg_2_06,WAHpyg,1285,6,6,median,11.71,0.085,0.8920,0.527,,,,
WAHpyg_2_06,WAHpyg,1285,6,6,median,12.86,0.078,0.8920,0.498,,,,
WAHpyg_2_06,WAHpyg,1285,6,6,median,14.20,0.070,0.8920,0.457,,,,
WAHpyg_2_06,WAHpyg,1285,6,6,median,12.66,0.079,0.8920,0.508,,,,
WAHpyg_2_06,WAHpyg,1285,6,6,median,12.59,0.079,0.8920,0.515,,,,
WAHpyg_2_06,WAHpyg,1285,6,6,median,12.23,0.082,0.8920,0.496,,,,
WAHpyg_2_06,WAHpyg,1285,6,6,median,12.74,0.079,0.8920,,,,,
WAHpyg_2_06,WAHpyg,1285,6,6,median,10.56,0.095,0.8920,,,,,
WAHpyg_2_06,WAHpyg,1285,6,6,median,15.09,0.066,0.8920,,,,,
WAHpyg_3_01,WAHpyg,1590,1,1,high,11.23,0.089,0.0841,0.495,,,,
WAHpyg_3_01,WAHpyg,1590,1,1,high,12.80,0.078,0.0841,0.492,,,,
WAHpyg_3_01,WAHpyg,1590,1,1,high,14.39,0.069,0.0841,0.516,,,,
WAHpyg_3_01,WAHpyg,1590,1,1,high,10.83,0.092,0.0841,0.495,,,,
WAHpyg_3_01,WAHpyg,1590,1,1,high,9.18,0.109,0.0841,,,,,
WAHpyg_3_01,WAHpyg,1590,1,1,high,14.72,0.068,0.0841,,,,,
WAHpyg_3_02,WAHpyg,1590,2,2,high,8.44,0.119,0.2544,0.566,,,,
WAHpyg_3_02,WAHpyg,1590,2,2,high,10.93,0.092,0.2544,0.555,,,,
WAHpyg_3_02,WAHpyg,1590,2,2,high,7.26,0.138,0.2544,0.490,,,,
WAHpyg_3_02,WAHpyg,1590,2,2,high,9.19,0.109,0.2544,0.562,,,,
WAHpyg_3_02,WAHpyg,1590,2,2,high,9.63,0.104,0.2544,0.549,,,,
WAHpyg_3_02,WAHpyg,1590,2,2,high,10.35,0.097,0.2544,0.552,,,,
WAHpyg_3_03,WAHpyg,1590,3,3,high,7.74,0.129,0.3887,0.550,,,,
WAHpyg_3_03,WAHpyg,1590,3,3,high,11.62,0.086,0.3887,0.546,,,,
WAHpyg_3_03,WAHpyg,1590,3,3,high,10.13,0.099,0.3887,0.492,,,,
WAHpyg_3_03,WAHpyg,1590,3,3,high,6.59,0.152,0.3887,0.527,,,,
WAHpyg_3_03,WAHpyg,1590,3,3,high,11.58,0.086,0.3887,0.494,,,,
WAHpyg_3_03,WAHpyg,1590,3,3,high,12.72,0.079,0.3887,0.504,,,,
WAHpyg_3_03,WAHpyg,1590,3,3,high,8.69,0.115,0.3887,,,,,
WAHpyg_3_03,WAHpyg,1590,3,3,high,13.58,0.074,0.3887,,,,,
WAHpyg_3_04,WAHpyg,1590,4,4,high,13.48,0.074,0.0394,0.611,,,,
WAHpyg_3_04,WAHpyg,1590,4,4,high,19.45,0.051,0.0394,0.602,,,,
WAHpyg_3_04,WAHpyg,1590,4,4,high,15.26,0.066,0.0394,0.593,,,,
WAHpyg_3_04,WAHpyg,1590,4,4,high,11.24,0.089,0.0394,0.599,,,,
WAHpyg_3_05,WAHpyg,1590,5,5,high,9.17,0.109,0.1659,,,,,
WAHpyg_3_05,WAHpyg,1590,5,5,high,12.02,0.083,0.1659,,,,,
WAHpyg_3_05,WAHpyg,1590,5,5,high,8.14,0.123,0.1659, ,,,,
WAHpyg_3_05,WAHpyg,1590,5,5,high,7.40,0.135,0.1659,,,,,
WAHpyg_3_05,WAHpyg,1590,5,5,high,7.39,0.135,0.1659,,,,,
WAHpyg_3_05,WAHpyg,1590,5,5,high,10.99,0.091,0.1659,,,,,
,,,,,,,,,,,,,
